Titulos,Leitura
01.Correr ou Morrer - Maze Runner  - James Dashner.mobi,Nok
02.Prova de Fogo - Maze Runner - V - James Dashner.mobi,Nok
03.A Cura Mortal - Maze Runner - V - James Dashner.mobi,Nok
04.O Codigo da Febre - Maze Runner - James Dashner.mobi,Nok
05.Ordem de Exterminio - Maze Runner - James Dashner.mobi,Nok
100 segredos das pessoas felizes - David Niven.mobi,Nok
108 contos e parabolas orientais - Monja Coen.mobi,Nok
12 Regras para a Vida - Jordan B. Peterson.mobi,Nok
1595264082850-8f25a35f-b21c-41d9-b2ef-eec38b85d0e1.pdf,Nok
1603467449476-aae4bc3b-fe0f-425b-a48b-b0d0411342c1.pdf,Nok
1603467503695-8153ffd5-79ef-480a-a124-928c3831de50.pdf,Nok
1603467537828-5948b942-4bb6-407f-8639-3e73d61ef130.pdf,Nok
1603467568727-7239debf-bd43-4017-8c0e-6a39e0fb80c9.pdf,Nok
1603467606601-3a28b52a-213b-4b51-bb54-ffc7a4633e76.pdf,Nok
1822 - Laurentino Gomes.mobi,Nok
1d353b2f-d589-4807-accd-e041702272ef.pdf,Nok
29dcc773-ecc1-48e4-80c2-6366985d2e36.pdf,Nok
4 horas para o corpo - Timothy Ferriss.mobi,Nok
50 Anos a Mil - Lobao.mobi,Nok
50 Ideias de Economia - Edmund Conway.mobi,Nok
A Arte Da Felicidade - Frederico Mazzo (2).mobi,Nok
A Arte da Guerra - Sun Tzu.mobi,Nok
A Batalha do Apocalipse - Eduardo Spohr.mobi,Nok
A Ciencia Medica de House - Andrew Holtz.mobi,Nok
A Cruzada Secreta - Oliver Bowden.mobi,Nok
A Danca dos Dragoes -  As Croni - George R. R. Martin.mobi,Nok
A Espada do Destino - Saga do B - Andrzej Sapkowski.mobi,Nok
A Furia dos Reis - George R. R. Martin.mobi,Nok
A Guerra dos Tronos - George R. R. Martin.mobi,Nok
A Magica da Arrumacao - Marie Kondo.mobi,Nok
A Privataria Tucana - Amaury Ribeiro Jr_.mobi,Nok
A Sabedoria dos Psicopatas - Kevin Dutton.mobi,Nok
"A Senhora do Lago, parte 2 - Andrzej Sapkowski.mobi",Nok
A Tormenta de Espadas - George R. R. Martin.mobi,Nok
A Torre da Andorinha - Andrzej Sapkowski (2).mobi,Nok
A Triade Do Tempo - Christian Barbosa.epub,Nok
A Triade Do Tempo - Christian Barbosa.mobi,Nok
A Unica Coisa - o Foco Pode Tra - Gary Keller.mobi,Nok
A arte da guerra - Sun Tzu (2).mobi,Nok
A arte da procrastinacao - John Perry (1).mobi,Nok
A arte da procrastinacao - John Perry.mobi,Nok
A logica do Cisne Negro - Nassim Nicholas Taleb.mobi,Nok
A loja de tudo - Brad Stone.mobi,Nok
A outra face de Deus - F. T. Farah.mobi,Nok
A sabedoria da transformacao - Monja Coen.mobi,Nok
A vida que vale a pena ser vivi - Clovis De Barros Filho.mobi,Nok
AC_DC - A biografia - Mick Wall.mobi,Nok
"Adeus, aposentadoria - Gustavo Cerbasi.mobi",Nok
Ansiedade - Como Enfrentar o Ma - Augusto Cury (2).mobi,Nok
Antonia e Suas Filhas - Marlena de Blasi.mobi,Nok
Arriscando a Propria Pele - Nassim Nicholas Taleb.mobi,Nok
As Armas da Persuasao - Robert B. Cialdini (2).mobi,Nok
As Casas de Armas - A. E. Van Vogt.mobi,Nok
As Criancas do Milharal - Stephen King.mobi,Nok
Atencao Plena - Mark Williams.mobi,Nok
Bandeira Negra - Oliver Bowden.mobi,Nok
Batismo de Fogo - Andrzej Sapkowski.mobi,Nok
Better Unit Testing with Microsoft Fakes (RTM).pdf,Nok
Blink - Malcolm Gladwell.mobi,Nok
Casagrande e seus demonios - Gilvan Ribeiro.mobi,Nok
Codigo Limpo - Completo PT.pdf,Nok
Como Emagrecer Fazendo Sexo - Richard Smith.mobi,Nok
Como Fazer Amigos e Influenciar Pessoas - Dale Carnegie.mobi,Nok
Como Organizar Sua Vida Finance - Gustavo Cerbasi.mobi,Nok
Como chegar ao sim com voce mes - William Ury.mobi,Nok
ComoCriarEModificarHabitos_ProdutividadeNinja.pdf,Nok
Contagio - Jonah Berger.mobi,Nok
Descubra seus pontos fortes - Marcus Buckingham.mobi,Nok
Deus nao esta Morto - Amit Goswami (2).mobi,Nok
Deuses Americanos - Neil Gaiman.mobi,Nok
Em Defesa da Comida - Michael Pollan.mobi,Nok
Essencialismo - Greg McKeown.mobi,Nok
Eu nao consigo emagrecer - Dr. Pierre Dukan.mobi,Nok
Filosofia para Corajosos - Luiz Felipe Ponde.mobi,Nok
Freakonomics - Steven D. Levitt.mobi,Nok
God of War I - Robert E. Vardeman (2).mobi,Nok
God of War II - Robert E. Vardeman (2).mobi,Nok
Guia Politicamente Incorreto Da - Leandro Narloch (3).mobi,Nok
Guia Politicamente Incorreto Da - Luiz Felipe Ponde (2).mobi,Nok
Guia Politicamente Incorreto da - Leandro Narloch (4).mobi,Nok
Guia Politicamente Incorreto da Historia - Leandro Narloch .mobi,Nok
Guia Politicamente Incorreto do - Jones Rossi.mobi,Nok
Guia Politicamente Incorreto do - Luiz Felipe Ponde.mobi,Nok
Guia Politicamente Incorreto do - Paulo Schmidt (2).mobi,Nok
Guia Politicamente Incorreto do - Paulo Schmidt (3).mobi,Nok
Guia-Politicamente-Incorreto-da-Filosofia-Luiz-Felipe-Ponde.pdf,Nok
Hackeando Tudo_ 90 Habitos Para Mudar o Rumo de Uma Geracao [Ebook] - Raiam Santos.mobi,Nok
Harry Potter - A Colecao Completa - J. K. Rowling.mobi,Nok
ITA_RECR_SEL.pdf,Nok
Inteligencia Emocional - Daniel Goleman.mobi,Nok
Irmandade - Assassin s Creed -  - Oliver Bowden.mobi,Nok
Ladrao de Casaca - Maurice Leblanc.mobi,Nok
Leviata - Thomas Hobbes.mobi,Nok
Maestria - Robert Greene (2).mobi,Nok
Me Poupe! - Nathalia Arcuri.mobi,Nok
Meu Pai fala Cada Uma - Justin Halpern.mobi,Nok
Mindset_ A nova psicologia do sucesso - Carol Dweck.mobi,Nok
"Novos Caminhos, Novas Escolhas - Abilio Diniz.mobi",Nok
O Alquimista - Paulo Coelho.mobi,Nok
O Cerebro Com Foco e Disciplina - Renato Alves.mobi,Nok
O Festim dos Corvos - George R. R. Martin.mobi,Nok
O Fisico o Xama e o Mistico - Patrick Drouot.mobi,Nok
O Guia do Mochileiro das Galaxias - Douglas Adams.mobi,Nok
O Heroi de Mil Faces - Joseph Campbell.mobi,Nok
O Homem Mais Rico da Babilonia тАУ George S. Clason.mobi,Nok
O Homem Mais Rico da Babilonia – George S. Clason.mobi,Nok
O Investidor Inteligente - Benjamin Graham (2).mobi,Nok
O Livro de Jo - Jo Soares.mobi,Nok
O Monge e o Executivo - James C. Hunter.mobi,Nok
O Mundo de Sofia - Jostein Gaarder (1).mobi,Nok
O Novo Gerente-Minuto - Ken Blanchard (2).mobi,Nok
O Ocio Criativo - Domenico De Masi (2).mobi,Nok
O Poder Do Agora - Eckhart Tolle (2).mobi,Nok
O Poder Dos Quietos - Susan Cain (2).mobi,Nok
O Poder da Acao - Paulo Vieira (2).mobi,Nok
O Poder do Habito - Charles Duhigg.mobi,Nok
O Poder do H├бbito.pdf,Nok
O Poder do Subconsciente - Joseph Murphy.mobi,Nok
O Poder dos Inquietos - Chris Guillebeau.mobi,Nok
O Principe - Nicolau Maquiavel (2).mobi,Nok
O Sangue Dos Elfos - Andrezej Sapkowski.mobi,Nok
O Ultimo Desejo - Saga do Bruxo - Andrzej Sapkowski.mobi,Nok
O Universo Numa Casca De Noz - Stephen Hawking.mobi,Nok
O animal social - David Brooks (1).mobi,Nok
O animal social - David Brooks.mobi,Nok
O milagre da manha - Hal Elrod.mobi,Nok
Obras Completas - Eca de Queiros.mobi,Nok
Ortografia - Claudio Moreno.mobi,Nok
Os 7 Habitos das Pessoas Altame - Stephen R. Covey.mobi,Nok
Os Homens Que Nao Amavam as Mulheres - Stieg Larsson.mobi,Nok
Os Ventos do Inverno - George R. R. Martin.mobi,Nok
Os segredos da mente milionaria - T. Harv Eker.mobi,Nok
"Pai Rico, Pai Pobre - Robert T. Kiyosaki (2).mobi",Nok
Pense Como um Artista - Will Gompertz.mobi,Nok
Pense como um freak - Stephen Dubner.mobi,Nok
Por que nos Dormimos - Matthew Walker.mobi,Nok
Produtividade Para Quem Quer Te - Geronimo Theml.mobi,Nok
Quem Mexeu no Meu Queijo_ - Spencer Johnson.mobi,Nok
Rapido e devagar_ Duas formas d - Daniel Kahneman.mobi,Ok
Renascenca - Oliver Bowden.mobi,Nok
Renegado - Oliver Bowden.mobi,Nok
Revelacoes - Oliver Bowden.mobi,Nok
Riqueza das Nacoes - P.J. O Rourke.mobi,Nok
Scrum - a arte de fazer o dobro - Jeff Sutherland.mobi,Nok
Seja Foda! - Caio Carneiro.mobi,Nok
Steve Jobs - A Biografia - Walter Isaacson.mobi,Nok
Sua Vida em Movimento - Marcio Atalla.mobi,Nok
Submundo - Oliver Bowden.mobi,Nok
Superprevisoes - Dan Gardner.mobi,Nok
Tempo de tempestade - Andrzej Sapkowski.mobi,Nok
Toda Poesia - Paulo Leminski.mobi,Nok
Todo dia a mesma noite - Daniela Arbex.mobi,Nok
Um Pais Partido - Marco Antonio Villa.mobi,Nok
Um-Pais-Partido-Marco-Antonio-Villa.pdf,Nok
Unity - Oliver Bowden.mobi,Nok
Use a Cabeça Java - 2ª Edição.pdf,Nok
Use_a_Cabeca_Analise_and_Projeto_Orienta.pdf,Nok
Varias Historias - Machado de Assis.mobi,Nok
Vinganca em Paris - Steve Berry.mobi,Nok
Voce Sabe Mesmo ler_ - Ana Gonzalez.mobi,Nok
Voce pode curar sua vida - Unknown.mobi,Nok
Vozes de Tchernobil - Svetlana Aleksievitch.mobi,Nok